{
    "Designs": [
   
        {
            
            "productId": "product001_1",
            "url": "./images/Iowa St 6_24.jpeg",
            "productName": "Iowa State",
            "size": "8ft x 10ft",
            "shortDescription": "Iowa State University Logo",
            "priceList": "$200"
            
        },
        {
            "productId": "product001_2",
            "url": "./images/Iowa 6_1.jpeg",
            "productName": "Iowa",
            "size": "8ft x 10ft",
            "shortDescription": "University of Iowa Logo",
            "priceList": "$200"
        },
        {
            "productId": "product001_3",
            "url": "./images/Wisconsin 6_21.jpeg",
            "productName": "Wisconsin",
            "size": "8ft x 10ft",
            "shortDescription": "Wisconsin Logo",
            "priceList": "$200"
        },
        {
            "productId": "product002_1",
            "url": "./images/Springfield 6_17.jpeg",
            "productName": "Springfield",
            "size": "8ft x 10ft",
            "shortDescription": "Springfield University Logo",
            "priceList": "$200"
        },
        {
            "productId": "product002_2",
            "url": "./images/Air Force 6_16.jpeg",
            "productName": "Air Force",
            "size": "8ft x 10ft",
            "shortDescription": "Air Force Logo",
            "priceList": "$200"
        },
        {
            "productId": "product002_3",
            "url": "./images/St. Thomas 6_22.jpeg",
            "productName": "St. Thomas",
            "size": "8ft x 10ft",
            "shortDescription": "St. Thomas College Logo",
            "priceList": "$200"
        },
        {
            "productId": "product003_1",
            "url": "./images/UND 6_15.jpeg",
            "productName": "UND",
            "size": "8ft x 10ft",
            "shortDescription": "University of North Dakota Logo",
            "priceList": "$200"
        },
        {
            "productId": "product003_2",
            "url": "./images/UWEC 6_9.jpeg",
            "productName": "UWEC",
            "size": "8ft x 10ft",
            "shortDescription": "University of Wisconsin Eau Claire Logo",
            "priceList": "$200"
        },
       
        {
            "productId": "product003_3",
            "url": "./images/American Flag 7_1.jpeg",
            "productName": "American Flag",
            "size": "8ft x 10ft",
            "shortDescription": "American Flag Logo",
            "priceList": "$200"
        }
    ]
    
       
    
}
